item_id,channel,recommended_warehouse,horizon,forecast_days,total_forecasted_demand,safety_stock,reorder_point,economic_order_quantity (EOQ)
A0028,App,central_online_wh,1-Month,30,6.75,1,10,33
A0028,App,central_online_wh,3-Month,90,46.46,2,23,50
A0028,App,central_online_wh,6-Month,183,98.94,2,23,51
A0028,Offline,central_offline_wh,1-Month,30,31.95,1,44,72
A0028,Offline,central_offline_wh,3-Month,90,114.2,2,53,79
A0028,Offline,central_offline_wh,6-Month,183,220.23,2,50,77
A0028,Web,central_online_wh,1-Month,30,11.22,1,16,43
A0028,Web,central_online_wh,3-Month,90,54.1,2,26,54
A0028,Web,central_online_wh,6-Month,183,115.82,1,27,55
A0040,App,central_online_wh,1-Month,30,88.57,2,120,120
A0040,App,central_online_wh,3-Month,90,314.16,4,144,130
A0040,App,central_online_wh,6-Month,183,676.3,3,151,134
A0040,Offline,central_offline_wh,1-Month,30,83.8,3,115,117
A0040,Offline,central_offline_wh,3-Month,90,274.23,4,125,122
A0040,Offline,central_offline_wh,6-Month,183,551.36,3,123,121
A0040,Web,central_online_wh,1-Month,30,112.77,3,153,135
A0040,Web,central_online_wh,3-Month,90,427.35,7,197,152
A0040,Web,central_online_wh,6-Month,183,948.67,6,213,159
A0121,App,central_online_wh,1-Month,30,83.88,2,114,117
A0121,App,central_online_wh,3-Month,90,315.11,5,145,131
A0121,App,central_online_wh,6-Month,183,670.09,4,150,133
A0121,Offline,central_offline_wh,1-Month,30,186.4,2,251,174
A0121,Offline,central_offline_wh,3-Month,90,589.85,4,266,179
A0121,Offline,central_offline_wh,6-Month,183,1181.73,4,262,177
A0121,Web,central_online_wh,1-Month,30,121.4,2,163,140
A0121,Web,central_online_wh,3-Month,90,434.97,6,199,153
A0121,Web,central_online_wh,6-Month,183,905.6,4,202,155
A0145,App,central_online_wh,1-Month,30,130.61,2,176,146
A0145,App,central_online_wh,3-Month,90,441.61,5,201,155
A0145,App,central_online_wh,6-Month,183,873.29,4,195,152
A0145,Offline,central_offline_wh,1-Month,30,49.88,1,68,90
A0145,Offline,central_offline_wh,3-Month,90,180.31,3,83,99
A0145,Offline,central_offline_wh,6-Month,183,364.44,2,82,98
A0145,Web,central_online_wh,1-Month,30,155.75,2,210,159
A0145,Web,central_online_wh,3-Month,90,494.73,4,224,164
A0145,Web,central_online_wh,6-Month,183,1068.1,4,238,169
A0215,App,central_online_wh,1-Month,30,165.48,6,227,164
A0215,App,central_online_wh,3-Month,90,642.83,11,297,186
A0215,App,central_online_wh,6-Month,183,1311.35,9,295,187
A0215,Offline,central_offline_wh,1-Month,30,116.6,4,159,138
A0215,Offline,central_offline_wh,3-Month,90,438.96,8,203,154
A0215,Offline,central_offline_wh,6-Month,183,907.3,6,205,155
A0215,Web,central_online_wh,1-Month,30,257.97,2,346,205
A0215,Web,central_online_wh,3-Month,90,803.55,4,361,208
A0215,Web,central_online_wh,6-Month,183,1585.57,5,351,205
A0273,App,central_online_wh,1-Month,30,95.24,1,128,124
A0273,App,central_online_wh,3-Month,90,325.26,4,148,133
A0273,App,central_online_wh,6-Month,183,636.2,4,143,130
A0273,Offline,central_offline_wh,1-Month,30,54.58,2,75,94
A0273,Offline,central_offline_wh,3-Month,90,177.37,2,81,98
A0273,Offline,central_offline_wh,6-Month,183,349.22,2,78,96
A0273,Web,central_online_wh,1-Month,30,161.04,1,216,162
A0273,Web,central_online_wh,3-Month,90,530.53,4,240,169
A0273,Web,central_online_wh,6-Month,183,1052.0,4,234,167
A0277,App,central_online_wh,1-Month,30,333.54,21,466,233
A0277,App,central_online_wh,3-Month,90,1300.68,40,618,265
A0277,App,central_online_wh,6-Month,183,2678.54,31,616,267
A0277,Offline,central_offline_wh,1-Month,30,160.02,8,221,161
A0277,Offline,central_offline_wh,3-Month,90,540.49,12,252,171
A0277,Offline,central_offline_wh,6-Month,183,1072.5,10,245,169
A0277,Web,central_online_wh,1-Month,30,442.64,14,605,268
A0277,Web,central_online_wh,3-Month,90,1522.21,30,706,287
A0277,Web,central_online_wh,6-Month,183,3093.98,24,700,287
A0280,App,central_online_wh,1-Month,30,112.39,6,155,135
A0280,App,central_online_wh,3-Month,90,484.49,11,227,162
A0280,App,central_online_wh,6-Month,183,1017.31,9,231,164
A0280,Offline,central_offline_wh,1-Month,30,47.28,1,64,88
A0280,Offline,central_offline_wh,3-Month,90,174.99,2,80,97
A0280,Offline,central_offline_wh,6-Month,183,353.01,2,79,97
A0280,Web,central_online_wh,1-Month,30,114.62,12,165,136
A0280,Web,central_online_wh,3-Month,90,645.15,22,309,187
A0280,Web,central_online_wh,6-Month,183,1356.53,16,313,190
A0282,App,central_online_wh,1-Month,30,747.85,18,1016,348
A0282,App,central_online_wh,3-Month,90,2495.94,42,1151,367
A0282,App,central_online_wh,6-Month,183,5035.05,34,1134,366
A0282,Offline,central_offline_wh,1-Month,30,425.96,9,577,263
A0282,Offline,central_offline_wh,3-Month,90,1385.27,19,635,274
A0282,Offline,central_offline_wh,6-Month,183,2734.02,18,615,270
A0282,Web,central_online_wh,1-Month,30,1394.91,22,1882,476
A0282,Web,central_online_wh,3-Month,90,4357.52,41,1978,485
A0282,Web,central_online_wh,6-Month,183,8575.62,45,1919,478
A0285,App,central_online_wh,1-Month,30,226.39,2,304,192
A0285,App,central_online_wh,3-Month,90,752.24,7,341,202
A0285,App,central_online_wh,6-Month,183,1538.38,6,342,202
A0285,Offline,central_offline_wh,1-Month,30,121.24,1,163,140
A0285,Offline,central_offline_wh,3-Month,90,380.05,2,171,143
A0285,Offline,central_offline_wh,6-Month,183,739.96,3,164,140
A0285,Web,central_online_wh,1-Month,30,259.4,3,349,205
A0285,Web,central_online_wh,3-Month,90,860.55,8,390,216
A0285,Web,central_online_wh,6-Month,183,1743.26,7,388,215
A0290,App,central_online_wh,1-Month,30,167.63,9,233,165
A0290,App,central_online_wh,3-Month,90,708.05,16,331,196
A0290,App,central_online_wh,6-Month,183,1468.99,12,333,198
A0290,Offline,central_offline_wh,1-Month,30,192.71,3,260,177
A0290,Offline,central_offline_wh,3-Month,90,672.07,10,309,191
A0290,Offline,central_offline_wh,6-Month,183,1368.12,8,307,191
A0290,Web,central_online_wh,1-Month,30,294.84,9,402,219
A0290,Web,central_online_wh,3-Month,90,1057.05,15,485,239
A0290,Web,central_online_wh,6-Month,183,2118.85,12,475,237
A097,App,central_online_wh,1-Month,30,56.36,1,76,96
A097,App,central_online_wh,3-Month,90,200.82,2,92,104
A097,App,central_online_wh,6-Month,183,397.02,2,89,103
A097,Offline,central_offline_wh,1-Month,30,20.36,1,28,57
A097,Offline,central_offline_wh,3-Month,90,71.89,1,33,62
A097,Offline,central_offline_wh,6-Month,183,135.54,1,31,60
A097,Web,central_online_wh,1-Month,30,94.63,1,127,124
A097,Web,central_online_wh,3-Month,90,298.1,2,134,127
A097,Web,central_online_wh,6-Month,183,590.44,2,131,125
AVBR045,App,central_online_wh,1-Month,30,76.55,1,103,111
AVBR045,App,central_online_wh,3-Month,90,252.4,3,115,117
AVBR045,App,central_online_wh,6-Month,183,504.88,2,113,116
AVBR045,Offline,central_offline_wh,1-Month,30,25.77,1,35,65
AVBR045,Offline,central_offline_wh,3-Month,90,74.07,1,34,63
AVBR045,Offline,central_offline_wh,6-Month,183,142.49,1,32,62
AVBR045,Web,central_online_wh,1-Month,30,78.21,1,105,113
AVBR045,Web,central_online_wh,3-Month,90,264.64,3,121,120
AVBR045,Web,central_online_wh,6-Month,183,564.66,3,126,123
AVPD0102,App,central_online_wh,1-Month,30,90.03,2,122,121
AVPD0102,App,central_online_wh,3-Month,90,300.54,4,138,127
AVPD0102,App,central_online_wh,6-Month,183,591.76,4,133,125
AVPD0102,Offline,central_offline_wh,1-Month,30,68.07,3,94,105
AVPD0102,Offline,central_offline_wh,3-Month,90,226.88,4,105,111
AVPD0102,Offline,central_offline_wh,6-Month,183,441.75,4,100,108
AVPD0102,Web,central_online_wh,1-Month,30,108.89,3,148,133
AVPD0102,Web,central_online_wh,3-Month,90,378.24,7,175,143
AVPD0102,Web,central_online_wh,6-Month,183,742.46,6,168,141
AVPD0104,App,central_online_wh,1-Month,30,70.77,1,96,107
AVPD0104,App,central_online_wh,3-Month,90,232.92,3,107,112
AVPD0104,App,central_online_wh,6-Month,183,466.79,3,105,111
AVPD0104,Offline,central_offline_wh,1-Month,30,39.09,2,54,80
AVPD0104,Offline,central_offline_wh,3-Month,90,131.46,2,61,84
AVPD0104,Offline,central_offline_wh,6-Month,183,268.89,2,61,85
AVPD0104,Web,central_online_wh,1-Month,30,117.57,2,159,138
AVPD0104,Web,central_online_wh,3-Month,90,372.24,4,170,142
AVPD0104,Web,central_online_wh,6-Month,183,752.63,3,168,141
BR0112,App,central_online_wh,1-Month,30,27.93,0,38,67
BR0112,App,central_online_wh,3-Month,90,101.02,2,46,74
BR0112,App,central_online_wh,6-Month,183,218.26,1,49,76
BR0112,Offline,central_offline_wh,1-Month,30,19.23,1,26,56
BR0112,Offline,central_offline_wh,3-Month,90,61.31,1,28,58
BR0112,Offline,central_offline_wh,6-Month,183,125.64,1,28,58
BR0112,Web,central_online_wh,1-Month,30,41.7,1,56,82
BR0112,Web,central_online_wh,3-Month,90,144.5,2,66,88
BR0112,Web,central_online_wh,6-Month,183,314.11,2,70,91
BR0141,App,central_online_wh,1-Month,30,52.61,2,72,92
BR0141,App,central_online_wh,3-Month,90,183.17,3,85,100
BR0141,App,central_online_wh,6-Month,183,363.2,3,82,98
BR0141,Offline,central_offline_wh,1-Month,30,47.64,2,65,88
BR0141,Offline,central_offline_wh,3-Month,90,160.87,3,74,93
BR0141,Offline,central_offline_wh,6-Month,183,332.1,2,75,94
BR0141,Web,central_online_wh,1-Month,30,91.5,2,124,122
BR0141,Web,central_online_wh,3-Month,90,329.79,7,154,134
BR0141,Web,central_online_wh,6-Month,183,678.72,5,154,134
BR044,App,central_online_wh,1-Month,30,15.82,1,22,51
BR044,App,central_online_wh,3-Month,90,58.87,2,28,56
BR044,App,central_online_wh,6-Month,183,117.95,1,27,56
BR044,Offline,central_offline_wh,1-Month,30,126.3,17,186,143
BR044,Offline,central_offline_wh,3-Month,90,454.88,17,219,157
BR044,Offline,central_offline_wh,6-Month,183,915.66,14,214,156
BR044,Web,central_online_wh,1-Month,30,36.52,2,51,77
BR044,Web,central_online_wh,3-Month,90,119.78,3,56,80
BR044,Web,central_online_wh,6-Month,183,228.18,3,53,78
BR046,App,central_online_wh,1-Month,30,34.14,1,46,74
BR046,App,central_online_wh,3-Month,90,116.95,2,54,80
BR046,App,central_online_wh,6-Month,183,235.01,1,53,79
BR046,Offline,central_offline_wh,1-Month,30,60.35,2,82,99
BR046,Offline,central_offline_wh,3-Month,90,190.97,2,87,102
BR046,Offline,central_offline_wh,6-Month,183,376.28,2,84,100
BR046,Web,central_online_wh,1-Month,30,55.57,2,76,95
BR046,Web,central_online_wh,3-Month,90,169.34,2,77,96
BR046,Web,central_online_wh,6-Month,183,368.07,2,82,99
BR0544,App,central_online_wh,1-Month,30,63.21,1,85,101
BR0544,App,central_online_wh,3-Month,90,222.34,3,102,110
BR0544,App,central_online_wh,6-Month,183,455.22,2,102,110
BR0544,Offline,central_offline_wh,1-Month,30,51.64,2,71,92
BR0544,Offline,central_offline_wh,3-Month,90,178.41,3,82,98
BR0544,Offline,central_offline_wh,6-Month,183,371.68,2,83,99
BR0544,Web,central_online_wh,1-Month,30,72.44,1,98,108
BR0544,Web,central_online_wh,3-Month,90,255.08,3,117,117
BR0544,Web,central_online_wh,6-Month,183,555.03,3,124,121
BR0694,App,central_online_wh,1-Month,30,276.87,6,375,212
BR0694,App,central_online_wh,3-Month,90,1000.18,20,464,233
BR0694,App,central_online_wh,6-Month,183,2034.41,16,461,233
BR0694,Offline,central_offline_wh,1-Month,30,128.68,4,176,144
BR0694,Offline,central_offline_wh,3-Month,90,364.11,4,166,140
BR0694,Offline,central_offline_wh,6-Month,183,720.45,4,162,138
BR0694,Web,central_online_wh,1-Month,30,434.25,18,597,265
BR0694,Web,central_online_wh,3-Month,90,1278.7,19,587,263
BR0694,Web,central_online_wh,6-Month,183,2550.07,17,574,260
BR0713,App,central_online_wh,1-Month,30,86.32,2,118,118
BR0713,App,central_online_wh,3-Month,90,310.63,4,142,130
BR0713,App,central_online_wh,6-Month,183,594.19,4,134,126
BR0713,Offline,central_offline_wh,1-Month,30,79.96,1,108,114
BR0713,Offline,central_offline_wh,3-Month,90,265.99,2,121,120
BR0713,Offline,central_offline_wh,6-Month,183,515.77,2,115,117
BR0713,Web,central_online_wh,1-Month,30,257.37,6,349,204
BR0713,Web,central_online_wh,3-Month,90,737.12,5,332,200
BR0713,Web,central_online_wh,6-Month,183,1421.1,6,316,194
BR0922,App,central_online_wh,1-Month,30,55.68,2,76,95
BR0922,App,central_online_wh,3-Month,90,200.77,4,93,104
BR0922,App,central_online_wh,6-Month,183,388.88,3,88,102
BR0922,Offline,central_offline_wh,1-Month,30,16.07,0,22,51
BR0922,Offline,central_offline_wh,3-Month,90,60.68,1,28,57
BR0922,Offline,central_offline_wh,6-Month,183,120.67,1,27,57
BR0922,Web,central_online_wh,1-Month,30,95.83,2,130,125
BR0922,Web,central_online_wh,3-Month,90,319.11,4,145,131
BR0922,Web,central_online_wh,6-Month,183,624.66,3,140,129
BR0968,App,central_online_wh,1-Month,30,127.78,3,173,144
BR0968,App,central_online_wh,3-Month,90,459.54,6,210,158
BR0968,App,central_online_wh,6-Month,183,938.7,5,210,158
BR0968,Offline,central_offline_wh,1-Month,30,71.68,2,97,108
BR0968,Offline,central_offline_wh,3-Month,90,246.28,3,112,115
BR0968,Offline,central_offline_wh,6-Month,183,484.26,2,108,113
BR0968,Web,central_online_wh,1-Month,30,169.01,5,231,166
BR0968,Web,central_online_wh,3-Month,90,512.29,4,232,166
BR0968,Web,central_online_wh,6-Month,183,1074.19,4,239,169
ER001,App,central_online_wh,1-Month,30,78.27,2,106,113
ER001,App,central_online_wh,3-Month,90,262.18,4,120,119
ER001,App,central_online_wh,6-Month,183,527.59,3,119,118
ER001,Offline,central_offline_wh,1-Month,30,55.88,3,77,95
ER001,Offline,central_offline_wh,3-Month,90,204.96,4,96,105
ER001,Offline,central_offline_wh,6-Month,183,423.66,3,96,106
ER001,Web,central_online_wh,1-Month,30,148.41,4,201,155
ER001,Web,central_online_wh,3-Month,90,482.03,5,219,161
ER001,Web,central_online_wh,6-Month,183,950.18,5,213,159
ER005,App,central_online_wh,1-Month,30,106.66,4,146,132
ER005,App,central_online_wh,3-Month,90,361.78,8,168,140
ER005,App,central_online_wh,6-Month,183,724.81,6,165,139
ER005,Offline,central_offline_wh,1-Month,30,74.56,5,104,110
ER005,Offline,central_offline_wh,3-Month,90,275.47,8,130,122
ER005,Offline,central_offline_wh,6-Month,183,566.85,6,130,123
ER005,Web,central_online_wh,1-Month,30,244.31,6,332,199
ER005,Web,central_online_wh,3-Month,90,807.55,14,373,209
ER005,Web,central_online_wh,6-Month,183,1618.47,11,365,207
ER01287,App,central_online_wh,1-Month,30,88.27,2,120,120
ER01287,App,central_online_wh,3-Month,90,306.06,5,141,129
ER01287,App,central_online_wh,6-Month,183,625.36,3,140,129
ER01287,Offline,central_offline_wh,1-Month,30,121.03,4,165,140
ER01287,Offline,central_offline_wh,3-Month,90,400.03,5,183,147
ER01287,Offline,central_offline_wh,6-Month,183,770.72,5,174,143
ER01287,Web,central_online_wh,1-Month,30,166.77,3,225,164
ER01287,Web,central_online_wh,3-Month,90,515.01,3,232,167
ER01287,Web,central_online_wh,6-Month,183,1017.56,4,226,165
ER0138,App,central_online_wh,1-Month,30,166.57,9,231,164
ER0138,App,central_online_wh,3-Month,90,552.01,13,258,173
ER0138,App,central_online_wh,6-Month,183,1008.58,14,234,164
ER0138,Offline,central_offline_wh,1-Month,30,10.97,0,15,42
ER0138,Offline,central_offline_wh,3-Month,90,35.63,1,16,44
ER0138,Offline,central_offline_wh,6-Month,183,71.95,1,16,44
ER0138,Web,central_online_wh,1-Month,30,174.04,5,237,168
ER0138,Web,central_online_wh,3-Month,90,529.85,5,240,169
ER0138,Web,central_online_wh,6-Month,183,1108.96,4,247,172
ER0140,App,central_online_wh,1-Month,30,89.37,3,122,120
ER0140,App,central_online_wh,3-Month,90,323.53,6,150,132
ER0140,App,central_online_wh,6-Month,183,665.65,5,150,133
ER0140,Offline,central_offline_wh,1-Month,30,66.35,1,90,104
ER0140,Offline,central_offline_wh,3-Month,90,206.24,2,94,106
ER0140,Offline,central_offline_wh,6-Month,183,419.42,2,94,106
ER0140,Web,central_online_wh,1-Month,30,142.26,3,193,152
ER0140,Web,central_online_wh,3-Month,90,468.27,7,215,159
ER0140,Web,central_online_wh,6-Month,183,975.51,6,219,161
ER0146,App,central_online_wh,1-Month,30,4.45,0,6,27
ER0146,App,central_online_wh,3-Month,90,21.35,1,10,34
ER0146,App,central_online_wh,6-Month,183,42.36,1,10,34
ER0146,Offline,central_offline_wh,1-Month,30,21.43,1,29,59
ER0146,Offline,central_offline_wh,3-Month,90,71.93,1,33,62
ER0146,Offline,central_offline_wh,6-Month,183,168.56,1,38,67
ER0146,Web,central_online_wh,1-Month,30,19.15,1,26,56
ER0146,Web,central_online_wh,3-Month,90,60.8,1,28,57
ER0146,Web,central_online_wh,6-Month,183,115.03,1,26,55
ER0150,App,central_online_wh,1-Month,30,154.31,7,213,158
ER0150,App,central_online_wh,3-Month,90,542.92,14,256,171
ER0150,App,central_online_wh,6-Month,183,1061.61,12,244,168
ER0150,Offline,central_offline_wh,1-Month,30,249.22,10,342,201
ER0150,Offline,central_offline_wh,3-Month,90,837.1,16,388,213
ER0150,Offline,central_offline_wh,6-Month,183,1624.72,15,370,208
ER0150,Web,central_online_wh,1-Month,30,179.63,12,251,171
ER0150,Web,central_online_wh,3-Month,90,698.27,25,335,194
ER0150,Web,central_online_wh,6-Month,183,1374.79,20,321,191
ER02299,App,central_online_wh,1-Month,30,52.0,1,71,92
ER02299,App,central_online_wh,3-Month,90,169.97,2,77,96
ER02299,App,central_online_wh,6-Month,183,332.62,2,74,94
ER02299,Offline,central_offline_wh,1-Month,30,95.3,3,130,124
ER02299,Offline,central_offline_wh,3-Month,90,321.71,4,147,132
ER02299,Offline,central_offline_wh,6-Month,183,637.78,3,143,130
ER02299,Web,central_online_wh,1-Month,30,81.03,1,109,115
ER02299,Web,central_online_wh,3-Month,90,267.08,3,121,120
ER02299,Web,central_online_wh,6-Month,183,538.7,2,120,120
ER0273,App,central_online_wh,1-Month,30,244.8,10,336,199
ER0273,App,central_online_wh,3-Month,90,895.27,19,417,220
ER0273,App,central_online_wh,6-Month,183,1732.79,16,395,215
ER0273,Offline,central_offline_wh,1-Month,30,108.21,2,147,132
ER0273,Offline,central_offline_wh,3-Month,90,343.22,3,156,136
ER0273,Offline,central_offline_wh,6-Month,183,643.17,4,145,131
ER0273,Web,central_online_wh,1-Month,30,412.46,7,557,259
ER0273,Web,central_online_wh,3-Month,90,1267.89,8,571,262
ER0273,Web,central_online_wh,6-Month,183,2366.64,15,533,251
ER0289,App,central_online_wh,1-Month,30,18.1,3,27,54
ER0289,App,central_online_wh,3-Month,90,82.03,4,40,67
ER0289,App,central_online_wh,6-Month,183,170.14,3,40,67
ER0289,Offline,central_offline_wh,1-Month,30,27.08,1,38,66
ER0289,Offline,central_offline_wh,3-Month,90,79.16,1,37,65
ER0289,Offline,central_offline_wh,6-Month,183,151.44,1,35,63
ER0289,Web,central_online_wh,1-Month,30,20.03,4,30,57
ER0289,Web,central_online_wh,3-Month,90,99.06,5,49,73
ER0289,Web,central_online_wh,6-Month,183,196.61,4,47,72
ER0292,App,central_online_wh,1-Month,30,68.06,1,92,105
ER0292,App,central_online_wh,3-Month,90,233.09,3,106,112
ER0292,App,central_online_wh,6-Month,183,469.82,2,105,112
ER0292,Offline,central_offline_wh,1-Month,30,17.89,1,24,54
ER0292,Offline,central_offline_wh,3-Month,90,62.41,1,29,58
ER0292,Offline,central_offline_wh,6-Month,183,124.59,1,28,58
ER0292,Web,central_online_wh,1-Month,30,92.34,1,125,122
ER0292,Web,central_online_wh,3-Month,90,319.33,4,145,131
ER0292,Web,central_online_wh,6-Month,183,646.31,3,144,131
ER034,App,central_online_wh,1-Month,30,30.9,1,42,71
ER034,App,central_online_wh,3-Month,90,109.15,2,51,77
ER034,App,central_online_wh,6-Month,183,225.28,2,51,77
ER034,Offline,central_offline_wh,1-Month,30,80.42,4,111,114
ER034,Offline,central_offline_wh,3-Month,90,279.55,5,130,123
ER034,Offline,central_offline_wh,6-Month,183,544.31,5,124,120
ER034,Web,central_online_wh,1-Month,30,56.83,1,77,96
ER034,Web,central_online_wh,3-Month,90,191.89,3,88,102
ER034,Web,central_online_wh,6-Month,183,409.27,2,92,104
ER0401,App,central_online_wh,1-Month,30,78.76,3,108,113
ER0401,App,central_online_wh,3-Month,90,232.76,3,107,112
ER0401,App,central_online_wh,6-Month,183,508.03,3,114,116
ER0401,Offline,central_offline_wh,1-Month,30,74.76,3,103,110
ER0401,Offline,central_offline_wh,3-Month,90,251.88,3,115,117
ER0401,Offline,central_offline_wh,6-Month,183,489.81,3,110,114
ER0401,Web,central_online_wh,1-Month,30,69.54,3,96,106
ER0401,Web,central_online_wh,3-Month,90,284.7,7,133,124
ER0401,Web,central_online_wh,6-Month,183,606.52,5,138,127
ER0441,App,central_online_wh,1-Month,30,5.44,0,8,30
ER0441,App,central_online_wh,3-Month,90,28.3,1,14,39
ER0441,App,central_online_wh,6-Month,183,55.57,1,13,38
ER0441,Offline,central_offline_wh,1-Month,30,39.64,2,55,80
ER0441,Offline,central_offline_wh,3-Month,90,128.98,2,60,84
ER0441,Offline,central_offline_wh,6-Month,183,267.61,2,60,84
ER0441,Web,central_online_wh,1-Month,30,43.84,1,60,84
ER0441,Web,central_online_wh,3-Month,90,137.27,2,63,86
ER0441,Web,central_online_wh,6-Month,183,280.65,1,63,86
ER0462,App,central_online_wh,1-Month,30,48.94,1,67,89
ER0462,App,central_online_wh,3-Month,90,169.92,4,79,96
ER0462,App,central_online_wh,6-Month,183,353.3,3,80,97
ER0462,Offline,central_offline_wh,1-Month,30,70.39,5,98,107
ER0462,Offline,central_offline_wh,3-Month,90,239.06,5,111,114
ER0462,Offline,central_offline_wh,6-Month,183,495.0,4,112,115
ER0462,Web,central_online_wh,1-Month,30,82.28,2,112,116
ER0462,Web,central_online_wh,3-Month,90,269.94,4,124,121
ER0462,Web,central_online_wh,6-Month,183,536.81,4,121,119
ER0481,App,central_online_wh,1-Month,30,25.3,1,34,64
ER0481,App,central_online_wh,3-Month,90,85.49,1,39,68
ER0481,App,central_online_wh,6-Month,183,168.36,1,38,67
ER0481,Offline,central_offline_wh,1-Month,30,51.01,2,70,91
ER0481,Offline,central_offline_wh,3-Month,90,175.56,2,80,97
ER0481,Offline,central_offline_wh,6-Month,183,341.23,2,77,95
ER0481,Web,central_online_wh,1-Month,30,39.67,1,54,80
ER0481,Web,central_online_wh,3-Month,90,130.7,2,60,84
ER0481,Web,central_online_wh,6-Month,183,263.24,1,59,84
ER0482,App,central_online_wh,1-Month,30,46.16,1,62,87
ER0482,App,central_online_wh,3-Month,90,158.45,2,72,93
ER0482,App,central_online_wh,6-Month,183,342.99,2,77,96
ER0482,Offline,central_offline_wh,1-Month,30,55.39,2,75,95
ER0482,Offline,central_offline_wh,3-Month,90,166.71,1,75,95
ER0482,Offline,central_offline_wh,6-Month,183,332.66,1,74,94
ER0482,Web,central_online_wh,1-Month,30,85.36,2,116,118
ER0482,Web,central_online_wh,3-Month,90,274.11,3,125,122
ER0482,Web,central_online_wh,6-Month,183,565.53,2,126,123
ER053,App,central_online_wh,1-Month,30,78.84,3,108,113
ER053,App,central_online_wh,3-Month,90,264.72,6,123,120
ER053,App,central_online_wh,6-Month,183,536.28,5,122,119
ER053,Offline,central_offline_wh,1-Month,30,90.58,11,132,121
ER053,Offline,central_offline_wh,3-Month,90,309.08,11,148,129
ER053,Offline,central_offline_wh,6-Month,183,614.7,8,143,128
ER053,Web,central_online_wh,1-Month,30,101.58,3,139,128
ER053,Web,central_online_wh,3-Month,90,356.15,8,167,139
ER053,Web,central_online_wh,6-Month,183,716.66,7,163,138
ER0573,App,central_online_wh,1-Month,30,31.13,1,42,71
ER0573,App,central_online_wh,3-Month,90,98.12,1,45,73
ER0573,App,central_online_wh,6-Month,183,191.37,1,43,71
ER0573,Offline,central_offline_wh,1-Month,30,7.65,1,11,35
ER0573,Offline,central_offline_wh,3-Month,90,28.3,1,13,39
ER0573,Offline,central_offline_wh,6-Month,183,57.9,1,13,39
ER0573,Web,central_online_wh,1-Month,30,48.25,1,65,88
ER0573,Web,central_online_wh,3-Month,90,156.67,2,72,92
ER0573,Web,central_online_wh,6-Month,183,302.69,2,68,90
ER0582,App,central_online_wh,1-Month,30,159.12,6,218,161
ER0582,App,central_online_wh,3-Month,90,570.08,13,266,176
ER0582,App,central_online_wh,6-Month,183,1128.57,11,257,173
ER0582,Offline,central_offline_wh,1-Month,30,181.04,8,249,171
ER0582,Offline,central_offline_wh,3-Month,90,614.22,12,285,182
ER0582,Offline,central_offline_wh,6-Month,183,1143.15,13,263,174
ER0582,Web,central_online_wh,1-Month,30,265.21,8,361,207
ER0582,Web,central_online_wh,3-Month,90,897.32,18,416,220
ER0582,Web,central_online_wh,6-Month,183,1783.5,15,405,218
ER0583,App,central_online_wh,1-Month,30,89.23,8,127,120
ER0583,App,central_online_wh,3-Month,90,393.93,17,192,146
ER0583,App,central_online_wh,6-Month,183,801.42,12,188,146
ER0583,Offline,central_offline_wh,1-Month,30,195.18,8,268,178
ER0583,Offline,central_offline_wh,3-Month,90,619.07,10,285,183
ER0583,Offline,central_offline_wh,6-Month,183,1245.94,9,282,182
ER0583,Web,central_online_wh,1-Month,30,66.76,13,102,104
ER0583,Web,central_online_wh,3-Month,90,438.02,28,223,154
ER0583,Web,central_online_wh,6-Month,183,1007.63,22,242,164
ER0585,App,central_online_wh,1-Month,30,39.37,1,54,80
ER0585,App,central_online_wh,3-Month,90,165.63,4,77,95
ER0585,App,central_online_wh,6-Month,183,357.32,3,81,97
ER0585,Offline,central_offline_wh,1-Month,30,43.65,1,60,84
ER0585,Offline,central_offline_wh,3-Month,90,159.77,3,74,93
ER0585,Offline,central_offline_wh,6-Month,183,329.87,2,74,94
ER0585,Web,central_online_wh,1-Month,30,92.25,2,125,122
ER0585,Web,central_online_wh,3-Month,90,315.47,4,144,131
ER0585,Web,central_online_wh,6-Month,183,634.72,3,142,130
ER0586,App,central_online_wh,1-Month,30,64.45,1,87,102
ER0586,App,central_online_wh,3-Month,90,211.98,2,96,107
ER0586,App,central_online_wh,6-Month,183,439.53,2,98,108
ER0586,Offline,central_offline_wh,1-Month,30,39.39,2,54,80
ER0586,Offline,central_offline_wh,3-Month,90,134.47,2,62,85
ER0586,Offline,central_offline_wh,6-Month,183,274.94,2,62,86
ER0586,Web,central_online_wh,1-Month,30,79.54,1,107,114
ER0586,Web,central_online_wh,3-Month,90,256.84,2,116,118
ER0586,Web,central_online_wh,6-Month,183,549.81,2,122,121
ER0593,App,central_online_wh,1-Month,30,65.66,2,89,103
ER0593,App,central_online_wh,3-Month,90,219.49,3,101,109
ER0593,App,central_online_wh,6-Month,183,448.04,3,101,109
ER0593,Offline,central_offline_wh,1-Month,30,59.26,4,83,98
ER0593,Offline,central_offline_wh,3-Month,90,207.61,5,97,106
ER0593,Offline,central_offline_wh,6-Month,183,422.51,4,96,106
ER0593,Web,central_online_wh,1-Month,30,154.85,3,210,158
ER0593,Web,central_online_wh,3-Month,90,479.3,5,218,161
ER0593,Web,central_online_wh,6-Month,183,981.16,4,219,162
ER0600,App,central_online_wh,1-Month,30,116.2,7,162,137
ER0600,App,central_online_wh,3-Month,90,447.07,13,212,155
ER0600,App,central_online_wh,6-Month,183,929.03,10,213,157
ER0600,Offline,central_offline_wh,1-Month,30,118.41,8,166,139
ER0600,Offline,central_offline_wh,3-Month,90,419.5,11,197,151
ER0600,Offline,central_offline_wh,6-Month,183,833.69,9,191,149
ER0600,Web,central_online_wh,1-Month,30,213.64,8,293,186
ER0600,Web,central_online_wh,3-Month,90,759.58,18,356,203
ER0600,Web,central_online_wh,6-Month,183,1498.14,15,343,200
ER0621,App,central_online_wh,1-Month,30,135.32,5,186,148
ER0621,App,central_online_wh,3-Month,90,433.29,9,202,153
ER0621,App,central_online_wh,6-Month,183,839.49,9,192,149
ER0621,Offline,central_offline_wh,1-Month,30,31.85,3,46,72
ER0621,Offline,central_offline_wh,3-Month,90,105.02,4,50,75
ER0621,Offline,central_offline_wh,6-Month,183,213.23,3,49,75
ER0621,Web,central_online_wh,1-Month,30,171.12,7,235,167
ER0621,Web,central_online_wh,3-Month,90,584.09,15,275,178
ER0621,Web,central_online_wh,6-Month,183,1147.26,12,263,175
ER0639,App,central_online_wh,1-Month,30,59.7,6,85,98
ER0639,App,central_online_wh,3-Month,90,214.73,11,106,108
ER0639,App,central_online_wh,6-Month,183,395.46,10,97,103
ER0639,Offline,central_offline_wh,1-Month,30,18.88,2,27,55
ER0639,Offline,central_offline_wh,3-Month,90,69.54,2,33,61
ER0639,Offline,central_offline_wh,6-Month,183,135.72,2,32,60
ER0639,Web,central_online_wh,1-Month,30,66.29,2,91,104
ER0639,Web,central_online_wh,3-Month,90,222.26,4,103,110
ER0639,Web,central_online_wh,6-Month,183,431.22,4,98,107
ER0661,App,central_online_wh,1-Month,30,50.19,1,68,90
ER0661,App,central_online_wh,3-Month,90,162.3,1,73,94
ER0661,App,central_online_wh,6-Month,183,340.91,1,76,95
ER0661,Offline,central_offline_wh,1-Month,30,78.72,2,107,113
ER0661,Offline,central_offline_wh,3-Month,90,270.81,3,124,121
ER0661,Offline,central_offline_wh,6-Month,183,539.05,3,121,120
ER0661,Web,central_online_wh,1-Month,30,62.05,1,84,100
ER0661,Web,central_online_wh,3-Month,90,209.01,2,95,106
ER0661,Web,central_online_wh,6-Month,183,454.24,2,101,110
ER0694,App,central_online_wh,1-Month,30,57.74,1,78,97
ER0694,App,central_online_wh,3-Month,90,180.46,2,82,99
ER0694,App,central_online_wh,6-Month,183,376.62,1,84,100
ER0694,Offline,central_offline_wh,1-Month,30,31.83,2,44,72
ER0694,Offline,central_offline_wh,3-Month,90,100.06,2,46,74
ER0694,Offline,central_offline_wh,6-Month,183,206.87,1,46,74
ER0694,Web,central_online_wh,1-Month,30,75.84,1,102,111
ER0694,Web,central_online_wh,3-Month,90,236.17,2,107,113
ER0694,Web,central_online_wh,6-Month,183,490.25,2,109,114
ER0746,App,central_online_wh,1-Month,30,54.89,1,74,94
ER0746,App,central_online_wh,3-Month,90,183.93,2,84,100
ER0746,App,central_online_wh,6-Month,183,404.7,2,90,104
ER0746,Offline,central_offline_wh,1-Month,30,45.35,2,63,86
ER0746,Offline,central_offline_wh,3-Month,90,140.16,2,64,87
ER0746,Offline,central_offline_wh,6-Month,183,263.91,2,60,84
ER0746,Web,central_online_wh,1-Month,30,90.72,2,123,121
ER0746,Web,central_online_wh,3-Month,90,285.42,3,129,124
ER0746,Web,central_online_wh,6-Month,183,652.52,4,147,132
ER093,App,central_online_wh,1-Month,30,51.58,1,69,91
ER093,App,central_online_wh,3-Month,90,164.3,1,74,94
ER093,App,central_online_wh,6-Month,183,336.17,1,74,95
ER093,Offline,central_offline_wh,1-Month,30,23.96,1,33,62
ER093,Offline,central_offline_wh,3-Month,90,86.79,1,40,69
ER093,Offline,central_offline_wh,6-Month,183,172.7,1,39,68
ER093,Web,central_online_wh,1-Month,30,83.25,2,113,116
ER093,Web,central_online_wh,3-Month,90,240.51,2,109,114
ER093,Web,central_online_wh,6-Month,183,494.96,2,110,115
PD003,App,central_online_wh,1-Month,30,25.79,1,35,65
PD003,App,central_online_wh,3-Month,90,91.52,1,42,70
PD003,App,central_online_wh,6-Month,183,180.91,1,41,69
PD003,Offline,central_offline_wh,1-Month,30,7.15,0,10,34
PD003,Offline,central_offline_wh,3-Month,90,24.47,1,11,36
PD003,Offline,central_offline_wh,6-Month,183,49.0,0,11,36
PD003,Web,central_online_wh,1-Month,30,135.43,3,184,148
PD003,Web,central_online_wh,3-Month,90,440.01,5,201,154
PD003,Web,central_online_wh,6-Month,183,838.86,6,189,149
PD005,App,central_online_wh,1-Month,30,63.96,1,87,102
PD005,App,central_online_wh,3-Month,90,222.65,3,102,110
PD005,App,central_online_wh,6-Month,183,458.27,3,103,110
PD005,Offline,central_offline_wh,1-Month,30,78.34,3,108,113
PD005,Offline,central_offline_wh,3-Month,90,273.27,5,126,122
PD005,Offline,central_offline_wh,6-Month,183,543.9,4,123,120
PD005,Web,central_online_wh,1-Month,30,83.11,1,112,116
PD005,Web,central_online_wh,3-Month,90,286.34,4,132,124
PD005,Web,central_online_wh,6-Month,183,623.56,4,140,129
PD0107,App,central_online_wh,1-Month,30,64.7,4,90,102
PD0107,App,central_online_wh,3-Month,90,244.93,8,117,115
PD0107,App,central_online_wh,6-Month,183,494.78,6,114,115
PD0107,Offline,central_offline_wh,1-Month,30,44.65,2,61,85
PD0107,Offline,central_offline_wh,3-Month,90,161.4,4,76,93
PD0107,Offline,central_offline_wh,6-Month,183,332.75,3,76,94
PD0107,Web,central_online_wh,1-Month,30,150.26,4,204,156
PD0107,Web,central_online_wh,3-Month,90,491.75,9,227,163
PD0107,Web,central_online_wh,6-Month,183,988.59,7,223,162
PD0115,App,central_online_wh,1-Month,30,94.21,4,130,124
PD0115,App,central_online_wh,3-Month,90,251.53,4,116,117
PD0115,App,central_online_wh,6-Month,183,496.42,3,112,115
PD0115,Offline,central_offline_wh,1-Month,30,95.16,6,133,124
PD0115,Offline,central_offline_wh,3-Month,90,328.77,7,153,133
PD0115,Offline,central_offline_wh,6-Month,183,619.67,7,143,128
PD0115,Web,central_online_wh,1-Month,30,159.0,6,218,161
PD0115,Web,central_online_wh,3-Month,90,489.45,6,223,163
PD0115,Web,central_online_wh,6-Month,183,1059.92,7,238,168
PD01335,App,central_online_wh,1-Month,30,64.23,3,89,102
PD01335,App,central_online_wh,3-Month,90,236.95,7,112,113
PD01335,App,central_online_wh,6-Month,183,473.26,6,109,112
PD01335,Offline,central_offline_wh,1-Month,30,136.98,6,189,149
PD01335,Offline,central_offline_wh,3-Month,90,455.2,10,212,157
PD01335,Offline,central_offline_wh,6-Month,183,897.96,8,205,155
PD01335,Web,central_online_wh,1-Month,30,114.14,5,157,136
PD01335,Web,central_online_wh,3-Month,90,437.98,14,208,154
PD01335,Web,central_online_wh,6-Month,183,890.6,11,205,154
PD0133,App,central_online_wh,1-Month,30,166.84,6,229,165
PD0133,App,central_online_wh,3-Month,90,552.86,12,257,173
PD0133,App,central_online_wh,6-Month,183,1106.92,10,252,172
PD0133,Offline,central_offline_wh,1-Month,30,58.95,4,82,98
PD0133,Offline,central_offline_wh,3-Month,90,208.92,5,98,106
PD0133,Offline,central_offline_wh,6-Month,183,426.1,4,97,106
PD0133,Web,central_online_wh,1-Month,30,239.61,6,325,197
PD0133,Web,central_online_wh,3-Month,90,853.67,19,398,215
PD0133,Web,central_online_wh,6-Month,183,1785.09,14,404,218
PD0179,App,central_online_wh,1-Month,30,66.4,4,92,104
PD0179,App,central_online_wh,3-Month,90,272.79,8,129,121
PD0179,App,central_online_wh,6-Month,183,571.96,6,131,123
PD0179,Offline,central_offline_wh,1-Month,30,182.97,9,253,172
PD0179,Offline,central_offline_wh,3-Month,90,585.01,10,270,178
PD0179,Offline,central_offline_wh,6-Month,183,1133.27,9,257,174
PD0179,Web,central_online_wh,1-Month,30,97.23,3,132,126
PD0179,Web,central_online_wh,3-Month,90,385.75,10,182,144
PD0179,Web,central_online_wh,6-Month,183,839.61,8,192,149
PD02027,App,central_online_wh,1-Month,30,61.58,1,83,100
PD02027,App,central_online_wh,3-Month,90,208.21,2,95,106
PD02027,App,central_online_wh,6-Month,183,420.92,2,94,106
PD02027,Offline,central_offline_wh,1-Month,30,142.26,4,194,152
PD02027,Offline,central_offline_wh,3-Month,90,497.0,6,227,164
PD02027,Offline,central_offline_wh,6-Month,183,960.43,6,216,160
PD02027,Web,central_online_wh,1-Month,30,100.93,3,137,128
PD02027,Web,central_online_wh,3-Month,90,294.52,3,134,126
PD02027,Web,central_online_wh,6-Month,183,605.71,2,135,127
PD0218,App,central_online_wh,1-Month,30,302.24,7,410,221
PD0218,App,central_online_wh,3-Month,90,968.91,17,447,229
PD0218,App,central_online_wh,6-Month,183,1960.41,14,442,228
PD0218,Offline,central_offline_wh,1-Month,30,87.82,6,123,119
PD0218,Offline,central_offline_wh,3-Month,90,314.17,9,149,130
PD0218,Offline,central_offline_wh,6-Month,183,646.84,8,149,131
PD0218,Web,central_online_wh,1-Month,30,371.45,10,506,245
PD0218,Web,central_online_wh,3-Month,90,1279.48,29,598,263
PD0218,Web,central_online_wh,6-Month,183,2602.26,23,591,263
PD0228,App,central_online_wh,1-Month,30,9.2,0,13,39
PD0228,App,central_online_wh,3-Month,90,35.83,1,17,44
PD0228,App,central_online_wh,6-Month,183,71.1,1,16,43
PD0228,Offline,central_offline_wh,1-Month,30,45.48,2,63,86
PD0228,Offline,central_offline_wh,3-Month,90,162.66,3,75,94
PD0228,Offline,central_offline_wh,6-Month,183,346.63,2,78,96
PD0228,Web,central_online_wh,1-Month,30,26.62,1,36,66
PD0228,Web,central_online_wh,3-Month,90,96.28,2,44,72
PD0228,Web,central_online_wh,6-Month,183,198.18,1,45,73
PD0234,App,central_online_wh,1-Month,30,20.36,1,28,57
PD0234,App,central_online_wh,3-Month,90,82.76,2,39,67
PD0234,App,central_online_wh,6-Month,183,175.02,2,40,68
PD0234,Offline,central_offline_wh,1-Month,30,97.81,4,134,126
PD0234,Offline,central_offline_wh,3-Month,90,309.2,4,142,129
PD0234,Offline,central_offline_wh,6-Month,183,617.01,4,139,128
PD0234,Web,central_online_wh,1-Month,30,39.06,2,54,80
PD0234,Web,central_online_wh,3-Month,90,149.24,4,70,90
PD0234,Web,central_online_wh,6-Month,183,308.32,3,70,91
PD02438,App,central_online_wh,1-Month,30,115.12,2,156,137
PD02438,App,central_online_wh,3-Month,90,379.37,4,173,143
PD02438,App,central_online_wh,6-Month,183,723.61,4,163,139
PD02438,Offline,central_offline_wh,1-Month,30,61.96,2,85,100
PD02438,Offline,central_offline_wh,3-Month,90,221.23,3,102,109
PD02438,Offline,central_offline_wh,6-Month,183,446.89,3,101,109
PD02438,Web,central_online_wh,1-Month,30,179.63,6,245,171
PD02438,Web,central_online_wh,3-Month,90,525.99,5,238,169
PD02438,Web,central_online_wh,6-Month,183,1005.4,5,225,164
PD037,App,central_online_wh,1-Month,30,34.94,2,48,75
PD037,App,central_online_wh,3-Month,90,145.45,4,69,89
PD037,App,central_online_wh,6-Month,183,284.99,3,65,87
PD037,Offline,central_offline_wh,1-Month,30,44.75,6,65,85
PD037,Offline,central_offline_wh,3-Month,90,156.01,5,75,92
PD037,Offline,central_offline_wh,6-Month,183,319.69,4,74,92
PD037,Web,central_online_wh,1-Month,30,42.2,3,60,83
PD037,Web,central_online_wh,3-Month,90,183.37,6,87,100
PD037,Web,central_online_wh,6-Month,183,366.89,4,85,99
PD0434,App,central_online_wh,1-Month,30,141.96,8,197,152
PD0434,App,central_online_wh,3-Month,90,532.8,17,253,170
PD0434,App,central_online_wh,6-Month,183,1074.26,13,248,169
PD0434,Offline,central_offline_wh,1-Month,30,278.67,11,382,213
PD0434,Offline,central_offline_wh,3-Month,90,822.52,12,377,211
PD0434,Offline,central_offline_wh,6-Month,183,1561.4,14,355,204
PD0434,Web,central_online_wh,1-Month,30,249.87,11,345,201
PD0434,Web,central_online_wh,3-Month,90,870.46,24,411,217
PD0434,Web,central_online_wh,6-Month,183,1966.41,23,453,229
PD0452,App,central_online_wh,1-Month,30,60.85,1,82,99
PD0452,App,central_online_wh,3-Month,90,210.89,3,97,107
PD0452,App,central_online_wh,6-Month,183,428.82,3,96,107
PD0452,Offline,central_offline_wh,1-Month,30,121.92,9,171,141
PD0452,Offline,central_offline_wh,3-Month,90,403.55,9,188,148
PD0452,Offline,central_offline_wh,6-Month,183,772.17,8,177,143
PD0452,Web,central_online_wh,1-Month,30,99.16,2,134,127
PD0452,Web,central_online_wh,3-Month,90,315.88,3,144,131
PD0452,Web,central_online_wh,6-Month,183,655.8,3,146,132
PD0478,App,central_online_wh,1-Month,30,35.7,1,49,76
PD0478,App,central_online_wh,3-Month,90,148.59,3,69,90
PD0478,App,central_online_wh,6-Month,183,306.89,2,70,90
PD0478,Offline,central_offline_wh,1-Month,30,62.78,2,86,101
PD0478,Offline,central_offline_wh,3-Month,90,201.29,2,92,104
PD0478,Offline,central_offline_wh,6-Month,183,404.26,2,90,104
PD0478,Web,central_online_wh,1-Month,30,99.75,3,136,127
PD0478,Web,central_online_wh,3-Month,90,299.77,2,136,127
PD0478,Web,central_online_wh,6-Month,183,599.83,2,133,126
PD0479,App,central_online_wh,1-Month,30,64.57,1,87,102
PD0479,App,central_online_wh,3-Month,90,229.08,3,105,111
PD0479,App,central_online_wh,6-Month,183,462.07,2,103,111
PD0479,Offline,central_offline_wh,1-Month,30,34.04,1,47,74
PD0479,Offline,central_offline_wh,3-Month,90,107.95,1,49,76
PD0479,Offline,central_offline_wh,6-Month,183,214.08,1,48,75
PD0479,Web,central_online_wh,1-Month,30,103.28,2,139,129
PD0479,Web,central_online_wh,3-Month,90,337.97,3,153,135
PD0479,Web,central_online_wh,6-Month,183,699.54,2,155,136
PD0485,App,central_online_wh,1-Month,30,6.42,1,9,32
PD0485,App,central_online_wh,3-Month,90,34.29,1,16,43
PD0485,App,central_online_wh,6-Month,183,67.89,1,16,42
PD0485,Offline,central_offline_wh,1-Month,30,76.28,4,105,111
PD0485,Offline,central_offline_wh,3-Month,90,274.14,5,127,122
PD0485,Offline,central_offline_wh,6-Month,183,539.92,4,122,120
PD0485,Web,central_online_wh,1-Month,30,4.95,1,7,28
PD0485,Web,central_online_wh,3-Month,90,27.93,1,14,39
PD0485,Web,central_online_wh,6-Month,183,58.23,1,14,39
PD0526,App,central_online_wh,1-Month,30,56.92,1,77,96
PD0526,App,central_online_wh,3-Month,90,197.01,2,90,103
PD0526,App,central_online_wh,6-Month,183,399.44,2,89,103
PD0526,Offline,central_offline_wh,1-Month,30,59.87,2,81,99
PD0526,Offline,central_offline_wh,3-Month,90,207.89,3,95,106
PD0526,Offline,central_offline_wh,6-Month,183,417.99,2,94,105
PD0526,Web,central_online_wh,1-Month,30,112.51,2,152,135
PD0526,Web,central_online_wh,3-Month,90,351.91,3,159,138
PD0526,Web,central_online_wh,6-Month,183,679.61,3,152,134
PD0561,App,central_online_wh,1-Month,30,15.54,1,21,50
PD0561,App,central_online_wh,3-Month,90,58.56,1,27,56
PD0561,App,central_online_wh,6-Month,183,116.22,1,26,56
PD0561,Offline,central_offline_wh,1-Month,30,58.74,2,81,98
PD0561,Offline,central_offline_wh,3-Month,90,187.11,3,86,101
PD0561,Offline,central_offline_wh,6-Month,183,380.16,2,85,101
PD0561,Web,central_online_wh,1-Month,30,25.22,1,34,64
PD0561,Web,central_online_wh,3-Month,90,82.13,1,38,67
PD0561,Web,central_online_wh,6-Month,183,164.89,1,37,66
PD058,App,central_online_wh,1-Month,30,60.92,2,83,99
PD058,App,central_online_wh,3-Month,90,207.18,3,95,106
PD058,App,central_online_wh,6-Month,183,413.36,3,93,105
PD058,Offline,central_offline_wh,1-Month,30,79.56,3,110,114
PD058,Offline,central_offline_wh,3-Month,90,235.38,4,108,113
PD058,Offline,central_offline_wh,6-Month,183,474.05,3,107,112
PD058,Web,central_online_wh,1-Month,30,93.68,2,127,123
PD058,Web,central_online_wh,3-Month,90,309.75,5,142,129
PD058,Web,central_online_wh,6-Month,183,632.68,4,142,130
PD059,App,central_online_wh,1-Month,30,94.15,4,129,124
PD059,App,central_online_wh,3-Month,90,312.28,6,145,130
PD059,App,central_online_wh,6-Month,183,605.88,5,138,127
PD059,Offline,central_offline_wh,1-Month,30,68.83,3,95,106
PD059,Offline,central_offline_wh,3-Month,90,239.14,5,112,114
PD059,Offline,central_offline_wh,6-Month,183,488.94,4,111,114
PD059,Web,central_online_wh,1-Month,30,158.46,5,217,160
PD059,Web,central_online_wh,3-Month,90,521.63,11,243,168
PD059,Web,central_online_wh,6-Month,183,1048.69,9,238,167
PD061,App,central_online_wh,1-Month,30,75.54,2,103,111
PD061,App,central_online_wh,3-Month,90,254.32,5,118,117
PD061,App,central_online_wh,6-Month,183,508.34,4,115,116
PD061,Offline,central_offline_wh,1-Month,30,83.29,3,114,116
PD061,Offline,central_offline_wh,3-Month,90,272.5,4,125,121
PD061,Offline,central_offline_wh,6-Month,183,541.46,3,121,120
PD061,Web,central_online_wh,1-Month,30,136.77,5,187,149
PD061,Web,central_online_wh,3-Month,90,442.36,7,204,155
PD061,Web,central_online_wh,6-Month,183,908.55,5,204,155
PD0752,App,central_online_wh,1-Month,30,81.88,1,110,115
PD0752,App,central_online_wh,3-Month,90,257.92,2,117,118
PD0752,App,central_online_wh,6-Month,183,523.17,2,116,118
PD0752,Offline,central_offline_wh,1-Month,30,46.38,1,63,87
PD0752,Offline,central_offline_wh,3-Month,90,159.18,2,73,93
PD0752,Offline,central_offline_wh,6-Month,183,311.43,2,70,91
PD0752,Web,central_online_wh,1-Month,30,98.81,2,133,127
PD0752,Web,central_online_wh,3-Month,90,336.73,4,154,135
PD0752,Web,central_online_wh,6-Month,183,705.36,3,157,137
PD0753,App,central_online_wh,1-Month,30,64.68,1,87,102
PD0753,App,central_online_wh,3-Month,90,223.24,3,102,110
PD0753,App,central_online_wh,6-Month,183,483.86,2,108,113
PD0753,Offline,central_offline_wh,1-Month,30,77.4,7,110,112
PD0753,Offline,central_offline_wh,3-Month,90,255.5,6,120,118
PD0753,Offline,central_offline_wh,6-Month,183,496.46,5,113,115
PD0753,Web,central_online_wh,1-Month,30,87.09,1,117,119
PD0753,Web,central_online_wh,3-Month,90,281.15,2,127,123
PD0753,Web,central_online_wh,6-Month,183,573.71,2,127,124
PD086,App,central_online_wh,1-Month,30,11.27,1,16,43
PD086,App,central_online_wh,3-Month,90,54.41,2,26,54
PD086,App,central_online_wh,6-Month,183,108.83,1,25,54
PD086,Offline,central_offline_wh,1-Month,30,40.23,2,56,81
PD086,Offline,central_offline_wh,3-Month,90,119.03,2,55,80
PD086,Offline,central_offline_wh,6-Month,183,246.6,2,56,81
PD086,Web,central_online_wh,1-Month,30,14.84,2,22,49
PD086,Web,central_online_wh,3-Month,90,77.65,3,37,65
PD086,Web,central_online_wh,6-Month,183,159.53,2,37,65
PD088,App,central_online_wh,1-Month,30,15.99,1,22,51
PD088,App,central_online_wh,3-Month,90,60.41,2,28,57
PD088,App,central_online_wh,6-Month,183,131.59,1,30,59
PD088,Offline,central_offline_wh,1-Month,30,21.82,1,30,59
PD088,Offline,central_offline_wh,3-Month,90,77.32,1,36,65
PD088,Offline,central_offline_wh,6-Month,183,154.15,1,35,64
PD088,Web,central_online_wh,1-Month,30,36.58,2,50,77
PD088,Web,central_online_wh,3-Month,90,132.65,3,62,85
PD088,Web,central_online_wh,6-Month,183,259.03,2,59,83
PD096,App,central_online_wh,1-Month,30,235.47,8,322,195
PD096,App,central_online_wh,3-Month,90,782.15,18,366,206
PD096,App,central_online_wh,6-Month,183,1551.92,15,355,203
PD096,Offline,central_offline_wh,1-Month,30,213.43,8,293,186
PD096,Offline,central_offline_wh,3-Month,90,727.69,16,340,198
PD096,Offline,central_offline_wh,6-Month,183,1448.8,14,331,196
PD096,Web,central_online_wh,1-Month,30,352.0,14,483,239
PD096,Web,central_online_wh,3-Month,90,1185.9,30,557,253
PD096,Web,central_online_wh,6-Month,183,2380.99,24,545,252
R0126,App,central_online_wh,1-Month,30,38.08,1,51,79
R0126,App,central_online_wh,3-Month,90,120.86,1,55,81
R0126,App,central_online_wh,6-Month,183,247.97,1,55,81
R0126,Offline,central_offline_wh,1-Month,30,8.83,0,12,38
R0126,Offline,central_offline_wh,3-Month,90,32.18,1,15,42
R0126,Offline,central_offline_wh,6-Month,183,67.58,1,15,42
R0126,Web,central_online_wh,1-Month,30,46.36,1,63,87
R0126,Web,central_online_wh,3-Month,90,161.65,2,74,93
R0126,Web,central_online_wh,6-Month,183,322.73,2,72,93
R01511,App,central_online_wh,1-Month,30,52.38,1,71,92
R01511,App,central_online_wh,3-Month,90,187.18,3,86,101
R01511,App,central_online_wh,6-Month,183,368.22,3,83,99
R01511,Offline,central_offline_wh,1-Month,30,49.39,1,67,90
R01511,Offline,central_offline_wh,3-Month,90,169.74,2,77,96
R01511,Offline,central_offline_wh,6-Month,183,339.12,2,76,95
R01511,Web,central_online_wh,1-Month,30,58.86,1,80,98
R01511,Web,central_online_wh,3-Month,90,241.16,5,112,114
R01511,Web,central_online_wh,6-Month,183,519.07,4,117,117
R0160,App,central_online_wh,1-Month,30,22.07,1,31,60
R0160,App,central_online_wh,3-Month,90,80.54,3,38,66
R0160,App,central_online_wh,6-Month,183,123.03,3,30,57
R0160,Offline,central_offline_wh,1-Month,30,24.35,1,34,63
R0160,Offline,central_offline_wh,3-Month,90,77.2,1,36,65
R0160,Offline,central_offline_wh,6-Month,183,152.84,1,35,64
R0160,Web,central_online_wh,1-Month,30,58.46,2,80,97
R0160,Web,central_online_wh,3-Month,90,193.52,3,89,102
R0160,Web,central_online_wh,6-Month,183,381.14,3,86,101
R016,App,central_online_wh,1-Month,30,27.94,2,39,67
R016,App,central_online_wh,3-Month,90,119.8,4,57,80
R016,App,central_online_wh,6-Month,183,249.17,3,58,81
R016,Offline,central_offline_wh,1-Month,30,93.4,3,127,123
R016,Offline,central_offline_wh,3-Month,90,285.87,3,130,124
R016,Offline,central_offline_wh,6-Month,183,577.81,3,129,124
R016,Web,central_online_wh,1-Month,30,53.33,3,74,93
R016,Web,central_online_wh,3-Month,90,203.43,5,95,105
R016,Web,central_online_wh,6-Month,183,416.33,4,95,105
R0187,App,central_online_wh,1-Month,30,68.81,1,93,106
R0187,App,central_online_wh,3-Month,90,217.27,2,98,108
R0187,App,central_online_wh,6-Month,183,450.89,1,100,110
R0187,Offline,central_offline_wh,1-Month,30,16.8,0,23,52
R0187,Offline,central_offline_wh,3-Month,90,61.78,1,28,58
R0187,Offline,central_offline_wh,6-Month,183,122.43,1,28,57
R0187,Web,central_online_wh,1-Month,30,80.06,1,108,114
R0187,Web,central_online_wh,3-Month,90,286.3,4,131,124
R0187,Web,central_online_wh,6-Month,183,632.2,4,142,130
R042,App,central_online_wh,1-Month,30,84.29,1,114,117
R042,App,central_online_wh,3-Month,90,266.43,3,122,120
R042,App,central_online_wh,6-Month,183,539.13,3,121,120
R042,Offline,central_offline_wh,1-Month,30,88.59,4,122,120
R042,Offline,central_offline_wh,3-Month,90,279.35,4,128,123
R042,Offline,central_offline_wh,6-Month,183,566.17,3,127,123
R042,Web,central_online_wh,1-Month,30,136.48,3,185,149
R042,Web,central_online_wh,3-Month,90,437.51,5,200,154
R042,Web,central_online_wh,6-Month,183,870.61,5,195,152
R0504,App,central_online_wh,1-Month,30,45.1,1,62,86
R0504,App,central_online_wh,3-Month,90,153.46,3,71,91
R0504,App,central_online_wh,6-Month,183,309.63,3,70,91
R0504,Offline,central_offline_wh,1-Month,30,28.12,1,38,68
R0504,Offline,central_offline_wh,3-Month,90,89.41,1,41,70
R0504,Offline,central_offline_wh,6-Month,183,175.65,1,39,68
R0504,Web,central_online_wh,1-Month,30,69.92,2,95,107
R0504,Web,central_online_wh,3-Month,90,223.4,4,103,110
R0504,Web,central_online_wh,6-Month,183,444.61,3,100,109
R054,App,central_online_wh,1-Month,30,92.92,3,127,123
R054,App,central_online_wh,3-Month,90,318.94,5,147,131
R054,App,central_online_wh,6-Month,183,644.16,4,145,131
R054,Offline,central_offline_wh,1-Month,30,75.81,2,103,111
R054,Offline,central_offline_wh,3-Month,90,233.6,3,106,112
R054,Offline,central_offline_wh,6-Month,183,475.0,2,106,112
R054,Web,central_online_wh,1-Month,30,174.69,4,237,168
R054,Web,central_online_wh,3-Month,90,517.22,4,234,167
R054,Web,central_online_wh,6-Month,183,1039.57,4,231,166
R0633,App,central_online_wh,1-Month,30,80.7,2,109,114
R0633,App,central_online_wh,3-Month,90,282.71,5,130,124
R0633,App,central_online_wh,6-Month,183,578.96,4,130,124
R0633,Offline,central_offline_wh,1-Month,30,27.71,1,38,67
R0633,Offline,central_offline_wh,3-Month,90,95.05,2,44,72
R0633,Offline,central_offline_wh,6-Month,183,190.73,1,43,71
R0633,Web,central_online_wh,1-Month,30,131.84,5,181,146
R0633,Web,central_online_wh,3-Month,90,407.16,6,187,148
R0633,Web,central_online_wh,6-Month,183,826.22,5,185,148
R0635,App,central_online_wh,1-Month,30,-6.51,5,-4,10
R0635,App,central_online_wh,3-Month,90,51.52,10,33,53
R0635,App,central_online_wh,6-Month,183,123.73,8,35,57
R0635,Offline,central_offline_wh,1-Month,30,4.42,1,7,27
R0635,Offline,central_offline_wh,3-Month,90,18.06,1,9,31
R0635,Offline,central_offline_wh,6-Month,183,30.37,1,8,28
R0635,Web,central_online_wh,1-Month,30,9.12,4,16,38
R0635,Web,central_online_wh,3-Month,90,63.23,7,35,58
R0635,Web,central_online_wh,6-Month,183,115.76,7,32,55
R0636,App,central_online_wh,1-Month,30,72.28,3,99,108
R0636,App,central_online_wh,3-Month,90,269.75,6,126,121
R0636,App,central_online_wh,6-Month,183,544.69,5,124,120
R0636,Offline,central_offline_wh,1-Month,30,13.94,0,19,48
R0636,Offline,central_offline_wh,3-Month,90,49.8,1,23,52
R0636,Offline,central_offline_wh,6-Month,183,97.69,1,22,51
R0636,Web,central_online_wh,1-Month,30,174.91,3,236,168
R0636,Web,central_online_wh,3-Month,90,578.89,7,265,177
R0636,Web,central_online_wh,6-Month,183,1134.32,7,255,174
R0645,App,central_online_wh,1-Month,30,46.92,2,65,87
R0645,App,central_online_wh,3-Month,90,184.32,5,87,100
R0645,App,central_online_wh,6-Month,183,403.54,4,92,104
R0645,Offline,central_offline_wh,1-Month,30,35.2,1,48,76
R0645,Offline,central_offline_wh,3-Month,90,119.76,2,55,80
R0645,Offline,central_offline_wh,6-Month,183,239.97,2,54,80
R0645,Web,central_online_wh,1-Month,30,69.9,3,96,106
R0645,Web,central_online_wh,3-Month,90,238.27,5,111,114
R0645,Web,central_online_wh,6-Month,183,476.65,4,108,113
R0646,App,central_online_wh,1-Month,30,1.04,4,5,13
R0646,App,central_online_wh,3-Month,90,14.17,6,12,28
R0646,App,central_online_wh,6-Month,183,2.29,6,6,10
R0646,Offline,central_offline_wh,1-Month,30,3.01,1,5,22
R0646,Offline,central_offline_wh,3-Month,90,14.96,1,8,28
R0646,Offline,central_offline_wh,6-Month,183,21.56,1,6,24
R0646,Web,central_online_wh,1-Month,30,0.5,5,6,10
R0646,Web,central_online_wh,3-Month,90,14.34,7,13,28
R0646,Web,central_online_wh,6-Month,183,-0.16,7,7,10
R0657,App,central_online_wh,1-Month,30,31.89,2,45,72
R0657,App,central_online_wh,3-Month,90,168.65,6,80,95
R0657,App,central_online_wh,6-Month,183,360.15,4,83,98
R0657,Offline,central_offline_wh,1-Month,30,14.28,1,20,48
R0657,Offline,central_offline_wh,3-Month,90,53.63,1,25,54
R0657,Offline,central_offline_wh,6-Month,183,104.67,1,24,53
R0657,Web,central_online_wh,1-Month,30,13.52,2,20,47
R0657,Web,central_online_wh,3-Month,90,101.03,5,49,74
R0657,Web,central_online_wh,6-Month,183,210.43,3,49,75
R0691,App,central_online_wh,1-Month,30,17.77,1,25,54
R0691,App,central_online_wh,3-Month,90,71.75,2,34,62
R0691,App,central_online_wh,6-Month,183,151.76,1,35,64
R0691,Offline,central_offline_wh,1-Month,30,17.49,0,24,53
R0691,Offline,central_offline_wh,3-Month,90,56.42,1,26,55
R0691,Offline,central_offline_wh,6-Month,183,122.26,1,27,57
R0691,Web,central_online_wh,1-Month,30,36.44,1,50,77
R0691,Web,central_online_wh,3-Month,90,125.33,2,58,82
R0691,Web,central_online_wh,6-Month,183,256.66,2,58,83
R0714,App,central_online_wh,1-Month,30,223.9,5,303,191
R0714,App,central_online_wh,3-Month,90,733.8,9,335,199
R0714,App,central_online_wh,6-Month,183,1428.97,9,321,195
R0714,Offline,central_offline_wh,1-Month,30,72.04,4,100,108
R0714,Offline,central_offline_wh,3-Month,90,247.42,5,115,116
R0714,Offline,central_offline_wh,6-Month,183,478.98,5,110,113
R0714,Web,central_online_wh,1-Month,30,309.17,6,418,224
R0714,Web,central_online_wh,3-Month,90,975.03,9,443,230
R0714,Web,central_online_wh,6-Month,183,1972.5,9,440,229
R0744,App,central_online_wh,1-Month,30,286.24,11,393,215
R0744,App,central_online_wh,3-Month,90,1014.95,23,474,234
R0744,App,central_online_wh,6-Month,183,2028.66,19,463,232
R0744,Offline,central_offline_wh,1-Month,30,81.66,2,111,115
R0744,Offline,central_offline_wh,3-Month,90,277.09,4,127,122
R0744,Offline,central_offline_wh,6-Month,183,545.33,4,123,120
R0744,Web,central_online_wh,1-Month,30,600.45,11,812,312
R0744,Web,central_online_wh,3-Month,90,1814.89,12,819,313
R0744,Web,central_online_wh,6-Month,183,3496.06,19,783,305
